{"stats":{"minecraft:mined":{"minecraft:tall_grass":3,"minecraft:grass":31},"minecraft:custom":{"minecraft:jump":71,"minecraft:time_since_rest":11098,"minecraft:damage_dealt":45,"minecraft:crouch_one_cm":45,"minecraft:leave_game":1,"minecraft:sprint_one_cm":3970,"minecraft:play_time":11098,"minecraft:damage_taken":20,"minecraft:time_since_death":11098,"minecraft:walk_one_cm":2587,"minecraft:sneak_time":63,"minecraft:total_world_time":11098,"minecraft:fall_one_cm":1846,"minecraft:fly_one_cm":9063},"minecraft:picked_up":{"minecraft:wheat_seeds":2}},"DataVersion":3465}