{"stats":{"minecraft:killed":{"minecraft:spider":1},"minecraft:mined":{"minecraft:grass":3},"minecraft:used":{"minecraft:pink_concrete":6,"minecraft:purple_concrete":44,"minecraft:sea_lantern":11,"minecraft:iron_block":27,"minecraft:grass_block":3,"minecraft:quartz_block":29,"minecraft:pink_stained_glass":2,"minecraft:tinted_glass":16,"minecraft:purple_glazed_terracotta":25,"minecraft:beacon":1,"minecraft:purple_wool":3},"minecraft:custom":{"minecraft:time_since_rest":35211,"minecraft:crouch_one_cm":3393,"minecraft:play_time":35211,"minecraft:sprint_one_cm":33073,"minecraft:damage_taken":40,"minecraft:walk_one_cm":48892,"minecraft:sneak_time":1142,"minecraft:mob_kills":1,"minecraft:jump":135,"minecraft:damage_dealt":208,"minecraft:leave_game":3,"minecraft:time_since_death":35211,"minecraft:interact_with_beacon":1,"minecraft:total_world_time":35211,"minecraft:fall_one_cm":1103,"minecraft:fly_one_cm":41868},"minecraft:picked_up":{"minecraft:wheat_seeds":2,"minecraft:dirt":1}},"DataVersion":3465}