{"stats":{"minecraft:mined":{"minecraft:grass":3},"minecraft:custom":{"minecraft:time_since_rest":44660,"minecraft:crouch_one_cm":3469,"minecraft:sprint_one_cm":37277,"minecraft:play_time":44660,"minecraft:damage_taken":40,"minecraft:walk_one_cm":50729,"minecraft:sneak_time":1153,"minecraft:mob_kills":1,"minecraft:drop":1,"minecraft:jump":152,"minecraft:damage_dealt":208,"minecraft:leave_game":6,"minecraft:time_since_death":44660,"minecraft:interact_with_beacon":1,"minecraft:total_world_time":44660,"minecraft:fall_one_cm":1103,"minecraft:fly_one_cm":47205},"minecraft:used":{"minecraft:pink_concrete":6,"minecraft:purple_concrete":44,"minecraft:sea_lantern":11,"minecraft:iron_block":27,"minecraft:grass_block":3,"minecraft:quartz_block":29,"minecraft:pink_stained_glass":2,"minecraft:tinted_glass":16,"minecraft:purple_glazed_terracotta":25,"minecraft:purple_wool":3,"minecraft:beacon":1},"minecraft:dropped":{"minecraft:purple_wool":1},"minecraft:picked_up":{"minecraft:purple_wool":1,"minecraft:wheat_seeds":2,"minecraft:dirt":1},"minecraft:killed":{"minecraft:spider":1}},"DataVersion":3465}