{"stats":{"minecraft:mined":{"minecraft:grass":1},"minecraft:custom":{"minecraft:jump":309,"minecraft:time_since_rest":405,"minecraft:leave_game":1,"minecraft:damage_dealt":20,"minecraft:walk_on_water_one_cm":5209,"minecraft:deaths":3,"minecraft:sprint_one_cm":20810,"minecraft:play_time":10402,"minecraft:damage_taken":815,"minecraft:time_since_death":368,"minecraft:walk_one_cm":17912,"minecraft:sneak_time":17,"minecraft:total_world_time":10402,"minecraft:walk_under_water_one_cm":2848,"minecraft:swim_one_cm":3353,"minecraft:fall_one_cm":17471,"minecraft:fly_one_cm":34064},"minecraft:killed_by":{"minecraft:creeper":1}},"DataVersion":3465}